prompt,response
Write a short story about a robot learning to paint.,"Write a short story about a robot learning to paint.






There is not much reason for a robot learning to paint on paper - its brains have a history of learning to paint for different kinds of paints.
They've also learned to paint with color.
But it's possible that the problem is there are many tricks that humans are already learning to paint.
The most promising ones:
1. Paint the same color
So, if you paint the same color, it's possible to create different things.
For example, instead of creating ""green circles"", you can use a color that you will likely see the same color. And that color is called ""blue.""
2. Paint the same color
Now, there are a lot of tricks that humans are already learning to paint on paper, and you can easily create different colors in different colors, too.
Another trick we're working on is to create a color that will actually be used on paper, not in the paint itself.
The idea behind creating a color is that people will only see it as the color you want.
So we're looking for a way to make an example of a color that is actually used on paper as a color rather than a color that looks like it's on paper.
To create a"
Summarize the importance of renewable energy in one paragraph.,"Summarize the importance of renewable energy in one paragraph. Let us think of the practical consequences of having a renewable energy source, if it is to be considered as a result of a number of factors, without the limitations of other factors, such as the climate-change scenario.


The most likely factor is that renewable and green energy demand for electricity are not increasing, but the demand for electricity is increasing, and it is not the largest source of demand for electricity. We see an increase in the number of households receiving electricity from renewable sources, which is only about 20 per cent of the total power use.
Although energy demand for the primary energy source is increasing in the UK, this can only be explained by the fact that demand for electricity is decreasing in a country with significant solar potential, as a whole.
The use of renewable energy in the UK has declined, but is still rising. The reason for this is that some energy is flowing into the UK rather than from the UK itself.
The second most likely factor relates to the climate change scenario. While solar is only producing 50 per cent of the carbon emissions that our global population is now generating, the number of people in the UK is estimated to be somewhere between 7 to 9 per cent of the total electricity demand for electricity. Of course the issue here is that"
